group,common_en,scientific,paper_scientific,notes
mammal,Aardvark,Orycteropus afer,Orycteropus afer,
mammal,Aardwolf,Proteles cristatus,Proteles cristatus,
mammal,African Civet,Civettictis civetta,Civettictis civetta,
mammal,African Elephant,Loxodonta africana,Loxodonta africana,
mammal,African Wild Dog,Lycaon pictus,Lycaon pictus,paper says African Painted Wolf
mammal,African Wildcat,Felis lybica,Felis silvestris cafra,paper uses old name Felis silvestris cafra
mammal,Banded Mongoose,Mungos mungo,Mungos mungo,
mammal,Black-backed Jackal,Lupulella mesomelas,Canis mesomelas,paper uses Canis mesomelas
mammal,Black Rhinoceros,Diceros bicornis,Diceros bicornis,
mammal,Blue Wildebeest,Connochaetes taurinus,Connochaetes taurinus,
mammal,Bushbuck,Tragelaphus sylvaticus,Tragelaphus sylvaticus,
mammal,Bushpig,Potamochoerus larvatus,Potamochoerus larvatus,
mammal,African Buffalo,Syncerus caffer,Syncerus cafffer,paper says Cape Buffalo and misspells caffer
mammal,African Clawless Otter,Aonyx capensis,Aonyx capensis,paper says Cape Clawless Otter
mammal,Cape Porcupine,Hystrix africaeaustralis,Hystrix africaeaustralis,
mammal,Caracal,Caracal caracal,Caracal caracal,
mammal,Chacma Baboon,Papio ursinus,Papio ursinus,
mammal,Cheetah,Acinonyx jubatus,Acinonyx jubatus,
mammal,Common Duiker,Sylvicapra grimmia,Sylvicapra grimmia,
mammal,Common Eland,Taurotragus oryx,Taurotragus oryx,
mammal,Southern Reedbuck,Redunca arundinum,Redunca arundinum,paper says Common Reedbuck
mammal,Common Dwarf Mongoose,Helogale parvula,Helogale parvula,
mammal,Giraffe,Giraffa camelopardalis,Giraffa camelopardalis,
mammal,Greater Cane Rat,Thryonomys swinderianus,Thryonomys swinderianus,
mammal,Ground Pangolin,Smutsia temminckii,Smutsia temminckii,
mammal,Hippopotamus,Hippopotamus amphibius,Hippopotamus amphibius,
mammal,Honey Badger,Mellivora capensis,Mellivora capensis,
mammal,Impala,Aepyceros melampus,Aepyceros melampus,
mammal,Klipspringer,Oreotragus oreotragus,Oreotragus oreotragus,
mammal,Greater Kudu,Tragelaphus strepsiceros,Tragelaphus strepsiceros,
mammal,Cape Genet,Genetta tigrina,Genetta tigrina,paper says Large-spotted Genet
mammal,Leopard,Panthera pardus,Panthera pardus,
mammal,Lion,Panthera leo,Panthera leo,
mammal,Mauritian Tomb Bat,Taphozous mauritianus,Taphozous mauritianus,
mammal,Nyala,Tragelaphus angasii,Tragelaphus angasii,
mammal,Plains Zebra,Equus quagga,Equus quagga burchellii,paper says Plain's Zebra with subspecies burchellii
mammal,Rock Hyrax,Procavia capensis,Procavia capensis,paper adds (Dassie)
mammal,Sable Antelope,Hippotragus niger,Hippotragus niger,
mammal,Serval,Leptailurus serval,Leptailurus serval,
mammal,Scrub Hare,Lepus saxatilis,Lepus saxatilis,
mammal,Sharpe's Grysbok,Raphicerus sharpei,Raphicerus sharpei,
mammal,Side-striped Jackal,Lupulella adusta,Canis adustus,paper uses Canis adustus
mammal,Slender Mongoose,Herpestes sanguineus,Herpestes sanguineua,paper misspells sanguineus
mammal,Common Genet,Genetta genetta,Genetta genetta,paper says Small-spotted Genet
mammal,Southern Lesser Galago,Galago moholi,Galago moholi,paper says Southern Lesser Bushbaby
mammal,Spotted Hyena,Crocuta crocuta,Crocuta crocuta,
mammal,Steenbok,Raphicerus campestris,Raphicerus campestris,
mammal,Brown Greater Galago,Otolemur crassicaudatus,Otolemur crassicaudatus,paper says Thick-tailed Bushbaby
mammal,Smith's Bush Squirrel,Paraxerus cepapi,Paraxerus cepapi,paper says Tree Squirrel
mammal,Tsessebe,Damaliscus lunatus,Damaliscus lunatus,
mammal,Vervet Monkey,Chlorocebus pygerythrus,Chlorocebus pygerythrus,
mammal,Wahlberg's Epauletted Fruit Bat,Epomophorus wahlbergi,Epomophorus wahlbergi,
mammal,Common Warthog,Phacochoerus africanus,Phacochoerus africanus,
mammal,Waterbuck,Kobus ellipsiprymnus,Kobus ellipsiprymnus,
mammal,Marsh Mongoose,Atilax paludinosus,Atilax paludinosus,paper says Water (Marsh) Mongoose
mammal,White-tailed Mongoose,Ichneumia albicauda,Ichneumia albicauda,
mammal,White Rhinoceros,Ceratotherium simum,Ceratotherium simum,
bird,Abdim's Stork,Ciconia abdimii,Ciconia abdimii,
bird,Acacia Pied Barbet,Tricholaema leucomelas,Tricholaema leucomelas,
bird,African Barred Owlet,Glaucidium capense,Glaucidium capense,
bird,African Black Swift,Apus barbatus,Apus barbatus,
bird,African Crake,Crex egregia,Crex egregia,
bird,African Cuckoo,Cuculus gularis,Cuculus gularis,
bird,African Cuckoo-Hawk,Aviceda cuculoides,Aviceda cuculoides,
bird,African Darter,Anhinga rufa,Anhinga rufa,
bird,African Firefinch,Lagonosticta rubricata,Lagonosticta rubricata,
bird,African Fish Eagle,Haliaeetus vocifer,Haliaeetus vocifer,
bird,African Goshawk,Accipiter tachiro,Accipiter tachiro,
bird,African Green Pigeon,Treron calvus,Treron calvus,
bird,African Grey Hornbill,Lophoceros nasutus,Tockus nasutus,paper uses Tockus nasutus
bird,African Harrier-Hawk,Polyboroides typus,Polyboroides typus,
bird,African Hawk-Eagle,Aquila spilogaster,Aquila spilogaster,
bird,African Hoopoe,Upupa africana,Upupa africana,
bird,African Jacana,Actophilornis africanus,Actophilornis africanus,
bird,African Openbill,Anastomus lamelligerus,Anastomus lamelligerus,
bird,African Palm Swift,Cypsiurus parvus,Cypsiurus parvus,
bird,African Paradise Flycatcher,Terpsiphone viridis,Terpsiphone viridis,
bird,African Pied Wagtail,Motacilla aguimp,Motacilla aguimp,
bird,African Pipit,Anthus cinnamomeus,Anthus cinnamomeus,
bird,African Pygmy Kingfisher,Ispidina picta,Ispidina picta,
bird,African Scops Owl,Otus senegalensis,Otus senegalensis,
bird,African Spoonbill,Platalea alba,Platalea alba,
bird,African Stonechat,Saxicola torquatus,Saxicola torquatus,
bird,African Wattled Lapwing,Vanellus senegallus,Vanellus senegallus,
bird,Alpine Swift,Tachymarptis melba,Tachymarptis melba,
bird,Amur Falcon,Falco amurensis,Falco amurensis,
bird,Arrow-marked Babbler,Turdoides jardineii,Turdoides jardineii,
bird,Ashy Flycatcher,Fraseria caerulescens,Fraseria caerulescens,
bird,Bar-throated Apalis,Apalis thoracica,Apalis thoracica,
bird,Barn Swallow,Hirundo rustica,Hirundo rustica,
bird,Bateleur,Terathopius ecaudatus,Terathopius ecaudatus,
bird,Bearded Scrub Robin,Cercotrichas quadrivirgata,Cercotrichas quadrivirgata,
bird,Bearded Woodpecker,Chloropicus namaquus,Chloropicus namaquus,
bird,Bennett's Woodpecker,Campethera bennettii,Campethera bennettii,
bird,Black Crake,Zapornia flavirostra,Zapornia flavirostra,
bird,Black Cuckoo,Cuculus clamosus,Cuculus clamosus,
bird,Black Cuckooshrike,Campephaga flava,Campephaga flava,
bird,Black Coucal,Centropus grillii,Centropus grillii,
bird,Black Stork,Ciconia nigra,Ciconia nigra,
bird,Black-backed Puffback,Dryoscopus cubla,Dryoscopus cubla,
bird,Black-bellied Bustard,Lissotis melanogaster,Lissotis melanogaster,
bird,Black-collared Barbet,Lybius torquatus,Lybius torquatus,
bird,Black-chested Snake Eagle,Circaetus pectoralis,Circaetus pectoralis,
bird,Black-crowned Tchagra,Tchagra senegalus,Tchagra senegalus,
bird,Black-headed Oriole,Oriolus larvatus,Oriolus larvatus,
bird,Blacksmith Lapwing,Vanellus armatus,Vanellus armatus,
bird,Black-winged Kite,Elanus caeruleus,Elanus caeruleus,already ticked on the paper list
bird,Blue Waxbill,Uraeginthus angolensis,Uraeginthus angolensis,
bird,Broad-billed Roller,Eurystomus glaucurus,Eurystomus glaucurus,
bird,Bronze-winged Courser,Rhinoptilus chalcopterus,Rhinoptilus chalcopterus,
bird,Brown Snake Eagle,Circaetus cinereus,Circaetus cinereus,
bird,Brown-crowned Tchagra,Tchagra australis,Tchagra australis,
bird,Brown-headed Parrot,Poicephalus cryptoxanthus,Poicephalus cryptoxanthus,
bird,Brown-hooded Kingfisher,Halcyon albiventris,Halycon albiventris,paper misspells Halcyon
bird,Brown-throated Martin,Riparia paludicola,Riparia paludicola,
bird,Brubru,Nilaus afer,Nilaus afer,
bird,Burchell's Coucal,Centropus burchellii,Centropus burchellii,
bird,Bushveld Pipit,Anthus caffer,Anthus caffer,
bird,Cape Starling,Lamprotornis nitens,Lamprotornis nitens,
bird,Cape Vulture,Gyps coprotheres,Gyps coprotheres,
bird,Cape White-eye,Zosterops virens,Zosterops virens,
bird,Cardinal Woodpecker,Dendropicos fuscescens,Dendropicos fuscescens,
bird,Chinspot Batis,Batis molitor,Batis molitor,
bird,Cinnamon-breasted Bunting,Emberiza tahapisi,Emberiza tahapisi,
bird,Collared Sunbird,Hedydipna collaris,Hedydipna collaris,
bird,Common Buttonquail,Turnix sylvaticus,Turnix sylvaticus,paper says Buttonquial
bird,Common Buzzard,Buteo buteo,Buteo buteo,
bird,Common Scimitarbill,Rhinopomastus cyanomelas,Rhinopomastus cyanomelas,
bird,Common Waxbill,Estrilda astrild,Estrilda astrild,
bird,Coqui Francolin,Campocolinus coqui,Campolinus coqui,paper misspells genus; older name Peliperdix coqui
bird,Crested Barbet,Trachyphonus vaillantii,Trachyphonus vaillantii,
bird,Crested Francolin,Ortygornis sephaena,Ortygornis sephaena,older name Dendroperdix sephaena
bird,Croaking Cisticola,Cisticola natalensis,Cisticola natalensis,
bird,Crowned Lapwing,Vanellus coronatus,Vanellus coronatus,
bird,Cut-throat Finch,Amadina fasciata,Amadina fasciata,
bird,Dark Chanting Goshawk,Melierax metabates,Melierax metabates,
bird,Dark-capped Bulbul,Pycnonotus tricolor,Pycnonotus tricolor,
bird,Diederik Cuckoo,Chrysococcyx caprius,Chrysococcyx caprius,
bird,Dusky Indigobird,Vidua funerea,Vidua funerea,
bird,Dwarf Bittern,Ixobrychus sturmii,Ixobrychus sturmii,
bird,Egyptian Goose,Alopochen aegyptiaca,Alopochen aegyptiaca,
bird,Emerald-spotted Wood Dove,Turtur chalcospilos,Turtur chalcospilos,
bird,Eurasian Golden Oriole,Oriolus oriolus,Oriolus oriolus,
bird,Eurasian Hobby,Falco subbuteo,Falco subbuteo,
bird,European Bee-eater,Merops apiaster,Merops apiaster,
bird,European Nightjar,Caprimulgus europaeus,Caprimulgus europaeus,
bird,European Roller,Coracias garrulus,Coracias garrulus,
bird,Fiery-necked Nightjar,Caprimulgus pectoralis,Caprimulgus pectoralis,
bird,Fork-tailed Drongo,Dicrurus adsimilis,Dicrurus adsimilis,
bird,Gabar Goshawk,Micronisus gabar,Micronisus gabar,
bird,Giant Kingfisher,Megaceryle maxima,Megaceryle maxima,
bird,Golden-tailed Woodpecker,Campethera abingoni,Campethera abingoni,
bird,Goliath Heron,Ardea goliath,Ardea goliath,
bird,Gorgeous Bushshrike,Telophorus viridis,Telephorus viridis,paper misspells genus
bird,Great Egret,Ardea alba,Ardea alba,
bird,Greater Blue-eared Starling,Lamprotornis chalybaeus,Lamprotornis chalybaeus,
bird,Greater Double-collared Sunbird,Cinnyris afer,Cinnyris afer,
bird,Greater Honeyguide,Indicator indicator,Indicator indicator,
bird,Greater Painted-snipe,Rostratula benghalensis,Rostratula benghalensis,
bird,Green Wood Hoopoe,Phoeniculus purpureus,Phoeniculus purpureus,
bird,Grey Go-away-bird,Crinifer concolor,Crinifer concolor,older name Corythaixoides concolor
bird,Grey Heron,Ardea cinerea,Ardea cinerea,
bird,Green-winged Pytilia,Pytilia melba,Pytilia melba,
bird,Grey-headed Kingfisher,Halcyon leucocephala,Halycon leucocephala,paper misspells Halcyon
bird,Grey Penduline Tit,Anthoscopus caroli,Anthoscopus caroli,
bird,Grey Tit-Flycatcher,Fraseria plumbea,Fraseria plumbea,older name Myioparus plumbeus
bird,Grey-headed Bushshrike,Malaconotus blanchoti,Malaconotus blancoti,paper misspells blanchoti
bird,Groundscraper Thrush,Turdus litsitsirupa,Turdus litsitsirupa,
bird,Hadada Ibis,Bostrychia hagedash,Bostrychia hagedash,paper says Hadeda Ibis
bird,Hamerkop,Scopus umbretta,Scopus umbretta,
bird,Helmeted Guineafowl,Numida meleagris,Numida meleagris,
bird,Hooded Vulture,Necrosyrtes monachus,Necrosyrtes monachus,
bird,House Sparrow,Passer domesticus,Passer domesticus,
bird,Jacobin Cuckoo,Clamator jacobinus,Clamator jacobinus,
bird,Jameson's Firefinch,Lagonosticta rhodopareia,Lagonosticta rhodopareia,
bird,Klaas's Cuckoo,Chrysococcyx klaas,Chrysococcyx klaas,
bird,Knob-billed Duck,Sarkidiornis melanotos,Sarkidiornis melanotos,
bird,Kurrichane Thrush,Turdus libonyana,Turdus libonyana,
bird,Lappet-faced Vulture,Torgos tracheliotos,Torgos tracheliotos,
bird,Laughing Dove,Spilopelia senegalensis,Spilopelia senegalensis,
bird,Lesser Grey Shrike,Lanius minor,Lanius minor,
bird,Lesser Masked Weaver,Ploceus intermedius,Ploceus intermedius,
bird,Lesser Striped Swallow,Cecropis abyssinica,Cecropis abyssinica,
bird,Lesser Spotted Eagle,Clanga pomarina,Clanga pomarina,
bird,Levaillant's Cuckoo,Clamator levaillantii,Clamator levaillantii,
bird,Lilac-breasted Roller,Coracias caudatus,Coracias caudatus,paper says Lilic-breasted
bird,Little Bee-eater,Merops pusillus,Merops pusillus,
bird,Little Egret,Egretta garzetta,Egretta garzetta,
bird,Little Grebe,Tachybaptus ruficollis,Tachybaptus ruficollis,
bird,Little Sparrowhawk,Accipiter minullus,Accipiter minullus,
bird,Little Swift,Apus affinis,Apus affinis,
bird,Lizard Buzzard,Kaupifalco monogrammicus,Kaupifalco monogrammicus,paper says Lizzard
bird,Long-billed Crombec,Sylvietta rufescens,Sylvietta rufescens,
bird,Magpie Shrike,Lanius melanoleucus,Lanius melanoleucus,older name Urolestes melanoleucus
bird,Malachite Kingfisher,Corythornis cristatus,Corythornis cristatus,
bird,Marabou Stork,Leptoptilos crumenifer,Leptoptilos crumenifer,
bird,Martial Eagle,Polemaetus bellicosus,Polemaetus bellicosus,
bird,Marico Sunbird,Cinnyris mariquensis,Cinnyris mariquensis,
bird,Mocking Cliff Chat,Thamnolaea cinnamomeiventris,Thamnolaea cinnamomeiventris,
bird,Natal Spurfowl,Pternistis natalensis,Pternistis natalensis,
bird,Orange-breasted Bushshrike,Chlorophoneus sulfureopectus,Chlorophoneus sulfureopectus,
bird,Pale Flycatcher,Agricola pallidus,Agricola pallidus,older name Melaenornis pallidus
bird,Pearl-spotted Owlet,Glaucidium perlatum,Glaucidium perlatum,
bird,Peregrine Falcon,Falco peregrinus,Falco peregrinus,
bird,Pied Crow,Corvus albus,Corvus albus,
bird,Pied Kingfisher,Ceryle rudis,Ceryle rudis,
bird,Pin-tailed Whydah,Vidua macroura,Vidua macroura,
bird,Purple Heron,Ardea purpurea,Ardea purpurea,
bird,Purple Roller,Coracias naevius,Coracias naevius,
bird,Purple-crested Turaco,Gallirex porphyreolophus,Gallirex porphyreolophus,older name Tauraco porphyreolophus
bird,Rattling Cisticola,Cisticola chiniana,Cisticola chiniana,
bird,Red-backed Shrike,Lanius collurio,Lanius collurio,
bird,Red-billed Buffalo Weaver,Bubalornis niger,Bubalornis niger,
bird,Red-billed Firefinch,Lagonosticta senegala,Lagonosticta senegala,
bird,Red-billed Oxpecker,Buphagus erythrorynchus,Buphagus erythrorhynchus,spelling varies between sources
bird,Red-billed Quelea,Quelea quelea,Quelea quelea,
bird,Red-chested Cuckoo,Cuculus solitarius,Cuculus solitarius,
bird,Red-crested Korhaan,Lophotis ruficrista,Lophotis ruficrista,
bird,Red-eyed Dove,Streptopelia semitorquata,Streptopelia semitorquata,
bird,Red-faced Cisticola,Cisticola erythrops,Cisticola erythrops,
bird,Red-faced Mousebird,Urocolius indicus,Urocolius indicus,
bird,Red-headed Weaver,Anaplectes rubriceps,Anaplectes rubriceps,
bird,Reed Cormorant,Microcarbo africanus,Microcarbo africanus,
bird,Retz's Helmetshrike,Prionops retzii,Prionops retzii,
bird,Ring-necked Dove,Streptopelia capicola,Streptopelia capicola,
bird,River Warbler,Locustella fluviatilis,Locustella fluviatilis,
bird,Saddle-billed Stork,Ephippiorhynchus senegalensis,Ephippiorhynchus senegalensis,
bird,Scarlet-chested Sunbird,Chalcomitra senegalensis,Chalcomitra senegalensis,
bird,Shikra,Accipiter badius,Accipiter badius,
bird,Sombre Greenbul,Andropadus importunus,Andropadus importunus,
bird,Southern Black Flycatcher,Melaenornis pammelaina,Melaenornis pammelaina,paper says Flycather
bird,Southern Black Tit,Melaniparus niger,Melaniparus niger,
bird,Southern Boubou,Laniarius ferrugineus,Laniarius ferrugineus,
bird,Southern Grey-headed Sparrow,Passer diffusus,Passer diffusus,paper says Southern Grey Sparrow
bird,Southern Ground Hornbill,Bucorvus leadbeateri,Bucorvus leadbeateri,
bird,Southern Masked Weaver,Ploceus velatus,Ploceus velatus,
bird,Southern Pochard,Netta erythrophthalma,Netta erythrophthalma,
bird,Southern Red-billed Hornbill,Tockus rufirostris,Tockus rufirostris,
bird,Southern White-crowned Shrike,Eurocephalus anguitimens,Eurocephalus anguitimens,paper says Shirke
bird,Southern White-faced Owl,Ptilopsis granti,Ptilopsis granti,
bird,Southern Yellow-billed Hornbill,Tockus leucomelas,Tockus leucomelas,
bird,Speckled Mousebird,Colius striatus,Colius striatus,
bird,Speckled Pigeon,Columba guinea,Columba guinea,
bird,Spotted Eagle-Owl,Bubo africanus,Bubo africanus,
bird,Spotted Flycatcher,Muscicapa striata,Muscicapa striata,
bird,Spotted Thick-knee,Burhinus capensis,Burhinus capensis,
bird,Spur-winged Goose,Plectropterus gambensis,Plectropterus gambensis,
bird,Squacco Heron,Ardeola ralloides,Ardeola ralloides,
bird,Stierling's Wren-Warbler,Calamonastes stierlingi,Calamonastes stierlingi,
bird,Striated Heron,Butorides striata,Butorides striata,
bird,Striped Kingfisher,Halcyon chelicuti,Halycon chelicuti,paper misspells Halcyon
bird,Swainson's Spurfowl,Pternistis swainsonii,Pternistis swainsonii,
bird,Tawny-flanked Prinia,Prinia subflava,Prinia subflava,
bird,Tawny Eagle,Aquila rapax,Aquila rapax,
bird,Three-banded Plover,Charadrius tricollaris,Charadrius tricollaris,
bird,Trumpeter Hornbill,Bycanistes bucinator,Bycanistes bucinator,
bird,Verreaux's Eagle-Owl,Ketupa lactea,Ketupa lactea,older name Bubo lacteus
bird,Village Weaver,Ploceus cucullatus,Ploceus cucullatus,
bird,Violet-backed Starling,Cinnyricinclus leucogaster,Cinnyricinclus leucogaster,
bird,Wahlberg's Eagle,Hieraaetus wahlbergi,Hieraaetus wahlbergi,
bird,Water Thick-knee,Burhinus vermiculatus,Burhinus vermiculatus,
bird,Wattled Starling,Creatophora cinerea,Creatophora cinerea,
bird,Western Cattle Egret,Bubulcus ibis,Bubulcus ibis,
bird,White-backed Vulture,Gyps africanus,Gyps africanus,
bird,White-bellied Sunbird,Cinnyris talatala,Cinnyris talatala,
bird,White-breasted Cuckooshrike,Ceblepyris pectoralis,Ceblepyris pectoralis,older name Coracina pectoralis
bird,White-browed Robin-Chat,Cossypha heuglini,Cossypha heuglini,
bird,White-browed Scrub Robin,Cercotrichas leucophrys,Cercotrichas leucophrys,
bird,White-crested Helmetshrike,Prionops plumatus,Prionops plumatus,
bird,White-faced Whistling Duck,Dendrocygna viduata,Dendrocygna viduata,
bird,White-fronted Bee-eater,Merops bullockoides,Merops bullockoides,
bird,White-headed Vulture,Trigonoceps occipitalis,Trigonoceps occipitalis,
bird,White-rumped Swift,Apus caffer,Apus caffer,
bird,White-throated Robin-Chat,Dessonornis humeralis,Dessonornis humeralis,older name Cossypha humeralis
bird,White Stork,Ciconia ciconia,Ciconia ciconia,
bird,Willow Warbler,Phylloscopus trochilus,Phylloscopus trochilus,
bird,Woodland Kingfisher,Halcyon senegalensis,Halycon senegalensis,paper misspells Halcyon
bird,African Woolly-necked Stork,Ciconia microscelis,Ciconia microscelis,paper says Wooly-necked Stork
bird,Yellow-bellied Greenbul,Chlorocichla flaviventris,Chlorocichla flaviventris,
bird,Yellow-billed Oxpecker,Buphagus africanus,Buphagus africanus,
bird,Yellow-billed Stork,Mycteria ibis,Mycteria ibis,
bird,Yellow-fronted Canary,Crithagra mozambica,Crithagra mozambica,
bird,Yellow-fronted Tinkerbird,Pogoniulus chrysoconus,Pogoniulus bilineatus,PAPER CONFLICT: English name is Yellow-fronted but scientific name given is bilineatus (Yellow-rumped Tinkerbird); kept the English name
bird,Yellow-throated Longclaw,Macronyx croceus,Macronyx croceus,
bird,Zitting Cisticola,Cisticola juncidis,Cisticola juncidis,
